{
  "GetPathName": "D:\\Development\\ztool\\TestModel\\0614-A00.SLDASM",
  "GetTitle": "0614-A00.SLDASM",
  "GetType": 2,
  "mass_props_len": 12,
  "mass_props": [
    -1.0683220512981912e-06,
    -0.004164533296264973,
    -6.737797905844223e-11,
    0.00021480010101196964,
    0.16712607189067463,
    0.2148001010119693,
    0.0005123852628544949,
    0.0007387380664237097,
    0.0005123324333113149,
    -8.028521593334137e-10,
    3.1325507989572284e-08,
    -5.266337140230483e-14
  ],
  "mass_index5": 0.2148001010119693
}